{
  "ExtendedData": {
    "inputs": [
      "https://tckimlik.nvi.gov.tr/Service/KPSPublic.asmx?WSDL"
    ],
    "collectionTypes": [
      "System.Array",
      "System.Collections.Generic.Dictionary`2"
    ],
    "namespaceMappings": [
      "*, ServiceReference1"
    ],
    "references": [
      "AutoMapper, {AutoMapper, 13.0.1}",
      "Azure.Core, {Azure.Core, 1.25.0}",
      "Azure.Identity, {Azure.Identity, 1.7.0}",
      "C:\\Users\\90506\\Documents\\BilgeHotel\\BilgeHotel\\Project.BLL\\bin\\Debug\\net8.0\\Project.Conf.dll",
      "C:\\Users\\90506\\Documents\\BilgeHotel\\BilgeHotel\\Project.BLL\\bin\\Debug\\net8.0\\Project.Dal.dll",
      "C:\\Users\\90506\\Documents\\BilgeHotel\\BilgeHotel\\Project.BLL\\bin\\Debug\\net8.0\\Project.Entities.dll",
      "Castle.Core, {Castle.Core, 5.1.1}",
      "Microsoft.AspNetCore.Cryptography.Internal, {Microsoft.AspNetCore.Cryptography.Internal, 8.0.0}",
      "Microsoft.AspNetCore.Cryptography.KeyDerivation, {Microsoft.AspNetCore.Cryptography.KeyDerivation, 8.0.0}",
      "Microsoft.AspNetCore.Identity.EntityFrameworkCore, {Microsoft.AspNetCore.Identity.EntityFrameworkCore, 8.0.0}",
      "Microsoft.Bcl.AsyncInterfaces, {Microsoft.Bcl.AsyncInterfaces, 1.1.1}",
      "Microsoft.Data.SqlClient, {Microsoft.Data.SqlClient, 5.1.1}",
      "Microsoft.EntityFrameworkCore, {Microsoft.EntityFrameworkCore, 8.0.0}",
      "Microsoft.EntityFrameworkCore.Abstractions, {Microsoft.EntityFrameworkCore.Abstractions, 8.0.0}",
      "Microsoft.EntityFrameworkCore.Proxies, {Microsoft.EntityFrameworkCore.Proxies, 8.0.0}",
      "Microsoft.EntityFrameworkCore.Relational, {Microsoft.EntityFrameworkCore.Relational, 8.0.0}",
      "Microsoft.EntityFrameworkCore.SqlServer, {Microsoft.EntityFrameworkCore.SqlServer, 8.0.0}",
      "Microsoft.Extensions.Caching.Abstractions, {Microsoft.Extensions.Caching.Abstractions, 8.0.0}",
      "Microsoft.Extensions.Caching.Memory, {Microsoft.Extensions.Caching.Memory, 8.0.0}",
      "Microsoft.Extensions.Configuration.Abstractions, {Microsoft.Extensions.Configuration.Abstractions, 8.0.0}",
      "Microsoft.Extensions.DependencyInjection, {Microsoft.Extensions.DependencyInjection, 8.0.0}",
      "Microsoft.Extensions.DependencyInjection.Abstractions, {Microsoft.Extensions.DependencyInjection.Abstractions, 8.0.0}",
      "Microsoft.Extensions.Identity.Core, {Microsoft.Extensions.Identity.Core, 8.0.0}",
      "Microsoft.Extensions.Identity.Stores, {Microsoft.Extensions.Identity.Stores, 8.0.0}",
      "Microsoft.Extensions.Logging, {Microsoft.Extensions.Logging, 8.0.0}",
      "Microsoft.Extensions.Logging.Abstractions, {Microsoft.Extensions.Logging.Abstractions, 8.0.0}",
      "Microsoft.Extensions.Options, {Microsoft.Extensions.Options, 8.0.0}",
      "Microsoft.Extensions.Primitives, {Microsoft.Extensions.Primitives, 8.0.0}",
      "Microsoft.Identity.Client, {Microsoft.Identity.Client, 4.47.2}",
      "Microsoft.Identity.Client.Extensions.Msal, {Microsoft.Identity.Client.Extensions.Msal, 2.19.3}",
      "Microsoft.IdentityModel.Abstractions, {Microsoft.IdentityModel.Abstractions, 6.24.0}",
      "Microsoft.IdentityModel.JsonWebTokens, {Microsoft.IdentityModel.JsonWebTokens, 6.24.0}",
      "Microsoft.IdentityModel.Logging, {Microsoft.IdentityModel.Logging, 6.24.0}",
      "Microsoft.IdentityModel.Protocols, {Microsoft.IdentityModel.Protocols, 6.24.0}",
      "Microsoft.IdentityModel.Protocols.OpenIdConnect, {Microsoft.IdentityModel.Protocols.OpenIdConnect, 6.24.0}",
      "Microsoft.IdentityModel.Tokens, {Microsoft.IdentityModel.Tokens, 6.24.0}",
      "Microsoft.SqlServer.Server, {Microsoft.SqlServer.Server, 1.0.0}",
      "System.Diagnostics.DiagnosticSource, {System.Diagnostics.DiagnosticSource, 6.0.0}",
      "System.Diagnostics.EventLog, {System.Diagnostics.EventLog, 6.0.0}",
      "System.IdentityModel.Tokens.Jwt, {System.IdentityModel.Tokens.Jwt, 6.24.0}",
      "System.Memory.Data, {System.Memory.Data, 1.0.2}",
      "System.Runtime, {System.Runtime, 4.3.0}",
      "System.Runtime.CompilerServices.Unsafe, {System.Runtime.CompilerServices.Unsafe, 6.0.0}",
      "System.Security.Cryptography.Cng, {System.Security.Cryptography.Cng, 5.0.0}",
      "System.Security.Cryptography.ProtectedData, {System.Security.Cryptography.ProtectedData, 6.0.0}",
      "System.Text.Encoding, {System.Text.Encoding, 4.3.0}",
      "System.Text.Encodings.Web, {System.Text.Encodings.Web, 6.0.0}",
      "System.Text.Json, {System.Text.Json, 4.7.2}"
    ],
    "targetFramework": "net8.0",
    "typeReuseMode": "All"
  }
}